{
  "schema": "1.0",
  "type": "whmcs-registrars",
  "name": "dns_gateway",
  "license": "proprietary",
  "category": "domains",
  "description": {
    "name": "DNS Gateway v3.0.8",
    "tagline": "Need an account? Sign up here: <href a='https:\/\/portal.dns.business\/api\/signup'>portal.dns.business\/api\/signup<\/a>"
  },
  "logo": {
    "filename": "logo.png"
  },
  "support": {
    "docs_url": "https:\/\/portal.dns.business\/",
    "email": "support@dns.business"
  },
  "authors": [
    {
      "name": "DNS Africa",
      "homepage": "https:\/\/dns.business\/"
    }
  ]
}
